proporcao_validacao,id_minimo,id_maximo,linhas_validacao,rmspe_treino_limpo,rmspe_treino_com_recuperados,diferenca
0.1,2000,2468,468,0.2384560734255928,0.22998924055959333,-0.008466832865999474
0.15,2000,2702,702,0.2264155197294594,0.2197622214155565,-0.006653298313902878
0.2,2000,2935,935,0.25090110928560566,0.22306083027145138,-0.027840279014154284
0.25,2000,3169,1169,0.24476046892371445,0.22606250151980092,-0.018697967403913524
0.3,2000,3403,1403,0.2442348147669283,0.22420353199634296,-0.02003128277058533
