estrategia,rmspe_holdout,rmspe_baratos_ate_355k,rmspe_caros_acima_355k,media_r,mediana_r,p10_r,p90_r,intercepto_treino,inclinacao_treino,tempo_treino_segundos
livre,0.20685311212239993,0.20905278440946629,0.2061104501755272,0.6303204831137685,0.6326983327345299,0.5358076921596153,0.7160744243220166,0.10000000000000009,0.9500000000000001,20.911490099999355
ancorada_publico,0.20784386749850803,0.20807621625901268,0.20776591781935064,0.4894011693446161,0.49265506882565796,0.36006787645998534,0.6067486678401134,-0.2363005443900144,1.3,20.911490099999355
estatico_ancora_publica,0.20859441110992155,0.2096725355345032,0.20823173635948392,0.4874518666234162,0.4874518666234162,0.4874518666234162,0.4874518666234162,0.4874518666234162,0.0,0.0
estatico_40_atual,0.20953554154390305,0.20965554748412732,0.20949529592176294,0.4,0.4,0.4,0.4,0.4,0.0,0.0
