{
  "variante": "alvo_projetado_01",
  "arquivo_submission": "submission_juiz_continuo_rmspe.csv",
  "intercepto": -0.45,
  "inclinacao": 1.5,
  "rmspe_crossfit": 0.21287300085342017,
  "rmspe_holdout": 0.20953554154390305,
  "rmspe_oof_mapeamento_final": 0.21276359723206306,
  "peso_teste_media": 0.18091833910881736,
  "peso_teste_mediana": 0.1748196649381577,
  "peso_teste_p90": 0.35004058566943935,
  "fracao_peso_zero_teste": 0.14,
  "fracao_peso_um_teste": 0.0,
  "tempo_treino_final_segundos": 11.928681100001995
}