intensidade,rmspe,rmspe_baratos_ate_355k,rmspe_caros_acima_355k,peso_medio_juiz,peso_mediano_juiz,tempo_arvores_segundos,tempo_especialista_segundos,tempo_juiz_segundos
0.0,0.21174476947487933,0.22392113251460335,0.20750296862429812,0.17883484092510613,0.1131397196432629,2.4367735000050743,33.74906960000226,20.19452459999593
0.4,0.21078728999297347,0.21957210498115265,0.2077591910811381,0.17883484092510613,0.1131397196432629,2.4367735000050743,33.74906960000226,20.19452459999593
0.7,0.2103081345628668,0.21650554135183347,0.20818925917317888,0.17883484092510613,0.1131397196432629,2.4367735000050743,33.74906960000226,20.19452459999593
1.0,0.21003540999791256,0.21361434119805733,0.20882189806148885,0.17883484092510613,0.1131397196432629,2.4367735000050743,33.74906960000226,20.19452459999593
