{
  "estrategia": "ancorada_publico",
  "arquivo_submission": "submission_juiz_componentes_ancorado.csv",
  "score_publico_referencia": 0.213,
  "ancora_arvores_publica": 0.4874518666234162,
  "intercepto": -0.2353295967382492,
  "inclinacao": 1.3,
  "rmspe_crossfit": 0.2120582441454583,
  "rmspe_holdout": 0.207843867498508,
  "rmspe_oof_mapeamento_final": 0.21199258202425972,
  "fracao_arvores_restante_media_teste": 0.48729991413999996,
  "fracao_arvores_restante_mediana_teste": 0.49048810956724953,
  "peso_especialista_medio_teste": 0.1809183391088173,
  "peso_catboost_medio_teste": 0.4190498882792169,
  "peso_arvores_medio_teste": 0.40003177261196576,
  "alteracao_absoluta_media_vs_juiz_continuo": 6100.945954144447,
  "tempo_treino_final_segundos": 20.670782000001054
}