variante,rmspe_holdout,rmspe_baratos_ate_355k,rmspe_caros_acima_355k,peso_medio,peso_mediano,fracao_peso_zero,fracao_peso_um,intercepto_treino,inclinacao_treino,tempo_treino_segundos
alvo_projetado_01,0.20953554154390305,0.20965554748412732,0.20949529592176294,0.18140163611356186,0.1829216875293816,0.11431623931623931,0.0,-0.35,1.25,12.129771599997184
alvo_exato,0.21019108066536638,0.2120046899035614,0.20957958221772974,0.17393693397579998,0.1626390691950601,0.04807692307692308,0.0,0.10000000000000009,0.35000000000000003,11.89103840000098
